{"onsale": 7.1316502638710594e-05, "homeDelivery": 0.0, "specialOrder": 0.0, "name": 0.80085089009101873, "freeShipping": 0.90246279655779016, "inStoreAvailability": 0.67805353492131415, "hasimg": 1.0, "onlineAvailability": 0.54067417867161127, "advertisedPriceRestriction": 0.00019017734036989493, "inStorePickup": 0.66999477012313979, "haslargeImage": 0.0, "friendsAndFamilyPickup": 0.42121903675177103, "digital": 0.0, "active": 0.7020871963105596, "new": 0.0045167118337850042, "hasmediumImage": 2.3772167546236866e-05, "haslargefrontimg": 0.066276803118908378, "hasthumbnailImage": 1.0, "preowned": 0.0, "desc": 0.75551529037480636}